{
    "gid": "bc335ab4842588ccfcaa7098d294b906-6dd4f19c06de306f8fbab5bd17847bc3",
    "caption": "资料收集显示项目",
    "type": "metaModel",
    "sort": 1,
    "creator": "billFormat",
    "items": [
        {
            "gid": "root",
            "dataType": "mainTableItem",
            "type": "metaModel_item_mainTableItem",
            "pid": "#",
            "inputer": "ecp-table",
            "caption": "主表项目",
            "sort": 1,
            "name": "root",
            "itemXpath": "root",
            "isGrid": true,
            "items": [
                {
                    "gid": "202b4512459cec6e7888fa94ce4a97c4",
                    "dataType": "number",
                    "type": "metaModel_item_number",
                    "pid": "root",
                    "inputer": "ecp-component-numberBox",
                    "caption": "显示编号",
                    "sort": 11,
                    "name": "xsxh",
                    "inputerOption": {
                        "scale": 0,
                        "mask": "*#",
                        "typeId": "",
                        "classId": ""
                    },
                    "refTypeValues": [],
                    "itemXpath": "xsxh"
                },
                {
                    "gid": "fe5f71db07bf01f1bf02cdd47d32ee30",
                    "dataType": "number",
                    "type": "metaModel_item_number",
                    "pid": "root",
                    "inputer": "ecp-component-numberBox",
                    "caption": "项目编号",
                    "sort": 12,
                    "name": "xmxh",
                    "inputerOption": {
                        "scale": 0,
                        "mask": "*#",
                        "typeId": "",
                        "classId": ""
                    },
                    "refTypeValues": [],
                    "itemXpath": "xmxh"
                },
                {
                    "gid": "b16beaf8188c2b55f8ca8bbe6f485507",
                    "dataType": "string",
                    "type": "metaModel_item_string",
                    "pid": "root",
                    "inputer": "ecp-text",
                    "caption": "字段名称",
                    "sort": 13,
                    "name": "zdmc",
                    "inputerOption": {
                        "scale": 0,
                        "mask": "*#",
                        "typeId": "",
                        "classId": ""
                    },
                    "refTypeValues": [],
                    "itemXpath": "zdmc"
                },
                {
                    "gid": "c5b207428cda1d419ebd6772387dc30c",
                    "dataType": "string",
                    "type": "metaModel_item_string",
                    "pid": "root",
                    "inputer": "ecp-text",
                    "caption": "显示名称",
                    "sort": 14,
                    "name": "xsmc",
                    "inputerOption": {
                        "scale": 0,
                        "mask": "*#",
                        "typeId": "",
                        "classId": ""
                    },
                    "refTypeValues": [],
                    "itemXpath": "xsmc"
                },
                {
                    "gid": "525240e7ddf8343e516fbfe581a7618e",
                    "dataType": "enum",
                    "type": "metaModel_item_enum",
                    "pid": "root",
                    "inputer": "ecp-enum",
                    "caption": "字段类型",
                    "sort": 15,
                    "name": "zdlx",
                    "inputerOption": {
                        "scale": 0,
                        "mask": "*#",
                        "typeId": "44f322872eaf6f6a2ecd1b1540676308",
                        "classId": "enum",
                        "dataType": "enum",
                        "entityTypeId": "44f322872eaf6f6a2ecd1b1540676308",
                        "toNumber": true
                    },
                    "refTypeValues": [],
                    "itemXpath": "zdlx"
                },
                {
                    "gid": "9e6a031f02683c1aef4a38c994a0f7cc",
                    "dataType": "string",
                    "type": "metaModel_item_string",
                    "pid": "root",
                    "inputer": "ecp-text",
                    "caption": "字段值",
                    "sort": 16,
                    "name": "zdz",
                    "inputerOption": {
                        "scale": 0,
                        "mask": "*#",
                        "typeId": "",
                        "classId": ""
                    },
                    "refTypeValues": [],
                    "itemXpath": "zdz"
                },
                {
                    "gid": "02d20e9f814f8a299f3325e0f13980b3",
                    "dataType": "enum",
                    "type": "metaModel_item_enum",
                    "pid": "root",
                    "inputer": "ecp-enum",
                    "caption": "是否查询条件",
                    "sort": 17,
                    "name": "sfcxtj",
                    "inputerOption": {
                        "scale": 0,
                        "mask": "*#",
                        "typeId": "1de0739786ef7f2491fac6868d88a328",
                        "classId": "enum",
                        "dataType": "enum",
                        "entityTypeId": "1de0739786ef7f2491fac6868d88a328",
                        "toNumber": true
                    },
                    "refTypeValues": [],
                    "itemXpath": "sfcxtj"
                }
            ]
        }
    ]
}