{
    "gid": "bc335ab4842588ccfcaa7098d294b906-be91843716e86f08084002adb02cbeba",
    "caption": "资料收集明细",
    "type": "metaModel",
    "sort": 1,
    "creator": "billFormat",
    "items": [
        {
            "gid": "root",
            "dataType": "mainTableItem",
            "type": "metaModel_item_mainTableItem",
            "pid": "#",
            "inputer": "ecp-table",
            "caption": "主表项目",
            "sort": 1,
            "name": "主表项目",
            "itemXpath": "root",
            "isGrid": true,
            "items": [
                {
                    "gid": "b727d836a5792907f4dbaebd5c9c7785",
                    "dataType": "number",
                    "type": "metaModel_item_number",
                    "pid": "root",
                    "inputer": "ecp-component-numberBox",
                    "caption": "明细序号",
                    "sort": 11,
                    "name": "mxxh",
                    "inputerOption": {
                        "scale": 0,
                        "mask": "*#",
                        "typeId": "",
                        "classId": ""
                    },
                    "refTypeValues": [],
                    "itemXpath": "mxxh"
                },
                {
                    "gid": "d47ac433a4b85810fb73cc41091a49e2",
                    "dataType": "number",
                    "type": "metaModel_item_number",
                    "pid": "root",
                    "inputer": "ecp-component-numberBox",
                    "caption": "项目序号",
                    "sort": 12,
                    "name": "xmxh",
                    "inputerOption": {
                        "scale": 0,
                        "mask": "*#",
                        "typeId": "",
                        "classId": ""
                    },
                    "refTypeValues": [],
                    "itemXpath": "xmxh"
                },
                {
                    "gid": "2f3fb6e31d177ccfcfa1dc6c9cbb494c",
                    "dataType": "string",
                    "type": "metaModel_item_string",
                    "pid": "root",
                    "inputer": "ecp-text",
                    "caption": "字符串1",
                    "sort": 13,
                    "name": "char01",
                    "inputerOption": {
                        "scale": 0,
                        "mask": "*#",
                        "typeId": "",
                        "classId": ""
                    },
                    "refTypeValues": [],
                    "itemXpath": "char01"
                },
                {
                    "gid": "5369a7a47b88289b3945d0af5bfe9dad",
                    "dataType": "string",
                    "type": "metaModel_item_string",
                    "pid": "root",
                    "inputer": "ecp-text",
                    "caption": "字符串2",
                    "sort": 14,
                    "name": "char02",
                    "inputerOption": {
                        "scale": 0,
                        "mask": "*#",
                        "typeId": "",
                        "classId": ""
                    },
                    "refTypeValues": [],
                    "itemXpath": "char02"
                },
                {
                    "gid": "cab5b9f82d850574a8a597e6960fdca1",
                    "dataType": "string",
                    "type": "metaModel_item_string",
                    "pid": "root",
                    "inputer": "ecp-text",
                    "caption": "字符串3",
                    "sort": 15,
                    "name": "char03",
                    "inputerOption": {
                        "scale": 0,
                        "mask": "*#",
                        "typeId": "",
                        "classId": ""
                    },
                    "refTypeValues": [],
                    "itemXpath": "char03"
                },
                {
                    "gid": "4494f6051cb5dfe26be0208b4ea020d9",
                    "dataType": "string",
                    "type": "metaModel_item_string",
                    "pid": "root",
                    "inputer": "ecp-text",
                    "caption": "字符串4",
                    "sort": 16,
                    "name": "char04",
                    "inputerOption": {
                        "scale": 0,
                        "mask": "*#",
                        "typeId": "",
                        "classId": ""
                    },
                    "refTypeValues": [],
                    "itemXpath": "char04"
                },
                {
                    "gid": "b6b37f70b0cdb8e8ed885ab0c7df7ad5",
                    "dataType": "string",
                    "type": "metaModel_item_string",
                    "pid": "root",
                    "inputer": "ecp-text",
                    "caption": "字符串5",
                    "sort": 17,
                    "name": "char05",
                    "inputerOption": {
                        "scale": 0,
                        "mask": "*#",
                        "typeId": "",
                        "classId": ""
                    },
                    "refTypeValues": [],
                    "itemXpath": "char05"
                },
                {
                    "gid": "aa20da81eba879ccc81b568b22c22507",
                    "dataType": "string",
                    "type": "metaModel_item_string",
                    "pid": "root",
                    "inputer": "ecp-text",
                    "caption": "字符串6",
                    "sort": 18,
                    "name": "char06",
                    "inputerOption": {
                        "scale": 0,
                        "mask": "*#",
                        "typeId": "",
                        "classId": ""
                    },
                    "refTypeValues": [],
                    "itemXpath": "char06"
                },
                {
                    "gid": "6f1237f36baa963a3c3bfba5203ebd47",
                    "dataType": "string",
                    "type": "metaModel_item_string",
                    "pid": "root",
                    "inputer": "ecp-text",
                    "caption": "字符串7",
                    "sort": 19,
                    "name": "char07",
                    "inputerOption": {
                        "scale": 0,
                        "mask": "*#",
                        "typeId": "",
                        "classId": ""
                    },
                    "refTypeValues": [],
                    "itemXpath": "char07"
                },
                {
                    "gid": "d2205c63949d1064825d78a67ebfbef9",
                    "dataType": "string",
                    "type": "metaModel_item_string",
                    "pid": "root",
                    "inputer": "ecp-text",
                    "caption": "字符串8",
                    "sort": 20,
                    "name": "char08",
                    "inputerOption": {
                        "scale": 0,
                        "mask": "*#",
                        "typeId": "",
                        "classId": ""
                    },
                    "refTypeValues": [],
                    "itemXpath": "char08"
                },
                {
                    "gid": "1fcb9f455c78d4405515afcfe6bee740",
                    "dataType": "string",
                    "type": "metaModel_item_string",
                    "pid": "root",
                    "inputer": "ecp-text",
                    "caption": "字符串9",
                    "sort": 21,
                    "name": "char09",
                    "inputerOption": {
                        "scale": 0,
                        "mask": "*#",
                        "typeId": "",
                        "classId": ""
                    },
                    "refTypeValues": [],
                    "itemXpath": "char09"
                },
                {
                    "gid": "26eee5cf8bafdfb1a77365075ed1256e",
                    "dataType": "string",
                    "type": "metaModel_item_string",
                    "pid": "root",
                    "inputer": "ecp-text",
                    "caption": "字符串10",
                    "sort": 22,
                    "name": "char10",
                    "inputerOption": {
                        "scale": 0,
                        "mask": "*#",
                        "typeId": "",
                        "classId": ""
                    },
                    "refTypeValues": [],
                    "itemXpath": "char10"
                },
                {
                    "gid": "281a4de3bc3f6a528755cdeb9aa1552b",
                    "dataType": "string",
                    "type": "metaModel_item_string",
                    "pid": "root",
                    "inputer": "ecp-text",
                    "caption": "字符串11",
                    "sort": 23,
                    "name": "char11",
                    "inputerOption": {
                        "scale": 0,
                        "mask": "*#",
                        "typeId": "",
                        "classId": ""
                    },
                    "refTypeValues": [],
                    "itemXpath": "char11"
                },
                {
                    "gid": "8bb52d8444dc0f2e8efb0e3efeed373d",
                    "dataType": "string",
                    "type": "metaModel_item_string",
                    "pid": "root",
                    "inputer": "ecp-text",
                    "caption": "字符串12",
                    "sort": 24,
                    "name": "char12",
                    "inputerOption": {
                        "scale": 0,
                        "mask": "*#",
                        "typeId": "",
                        "classId": ""
                    },
                    "refTypeValues": [],
                    "itemXpath": "char12"
                },
                {
                    "gid": "933de5adf2e9cb7a22e1a8277a3b9d07",
                    "dataType": "string",
                    "type": "metaModel_item_string",
                    "pid": "root",
                    "inputer": "ecp-text",
                    "caption": "字符串13",
                    "sort": 25,
                    "name": "char13",
                    "inputerOption": {
                        "scale": 0,
                        "mask": "*#",
                        "typeId": "",
                        "classId": ""
                    },
                    "refTypeValues": [],
                    "itemXpath": "char13"
                },
                {
                    "gid": "5f3290690eb1eb82118294553e7900e4",
                    "dataType": "string",
                    "type": "metaModel_item_string",
                    "pid": "root",
                    "inputer": "ecp-text",
                    "caption": "字符串14",
                    "sort": 26,
                    "name": "char14",
                    "inputerOption": {
                        "scale": 0,
                        "mask": "*#",
                        "typeId": "",
                        "classId": ""
                    },
                    "refTypeValues": [],
                    "itemXpath": "char14"
                },
                {
                    "gid": "45f4318f43fcc62675715ab5ea523a56",
                    "dataType": "string",
                    "type": "metaModel_item_string",
                    "pid": "root",
                    "inputer": "ecp-text",
                    "caption": "字符串15",
                    "sort": 27,
                    "name": "char15",
                    "inputerOption": {
                        "scale": 0,
                        "mask": "*#",
                        "typeId": "",
                        "classId": ""
                    },
                    "refTypeValues": [],
                    "itemXpath": "char15"
                },
                {
                    "gid": "624205ef8f24472af431c2d3bcc75e7f",
                    "dataType": "string",
                    "type": "metaModel_item_string",
                    "pid": "root",
                    "inputer": "ecp-text",
                    "caption": "长字符串1",
                    "sort": 28,
                    "name": "long_char01",
                    "inputerOption": {
                        "scale": 0,
                        "mask": "*#",
                        "typeId": "",
                        "classId": ""
                    },
                    "refTypeValues": [],
                    "itemXpath": "long_char01"
                },
                {
                    "gid": "9a2401962c42431309ee3bb07b8e48b7",
                    "dataType": "string",
                    "type": "metaModel_item_string",
                    "pid": "root",
                    "inputer": "ecp-text",
                    "caption": "长字符串2",
                    "sort": 29,
                    "name": "long_char02",
                    "inputerOption": {
                        "scale": 0,
                        "mask": "*#",
                        "typeId": "",
                        "classId": ""
                    },
                    "refTypeValues": [],
                    "itemXpath": "long_char02"
                },
                {
                    "gid": "f02bfb9c11b0c0c21b3d01676a54d961",
                    "dataType": "string",
                    "type": "metaModel_item_string",
                    "pid": "root",
                    "inputer": "ecp-text",
                    "caption": "长字符串3",
                    "sort": 30,
                    "name": "long_char03",
                    "inputerOption": {
                        "scale": 0,
                        "mask": "*#",
                        "typeId": "",
                        "classId": ""
                    },
                    "refTypeValues": [],
                    "itemXpath": "long_char03"
                },
                {
                    "gid": "bec4de8f6121a7b5e0b835be63f8dc07",
                    "dataType": "string",
                    "type": "metaModel_item_string",
                    "pid": "root",
                    "inputer": "ecp-text",
                    "caption": "长字符串4",
                    "sort": 31,
                    "name": "long_char04",
                    "inputerOption": {
                        "scale": 0,
                        "mask": "*#",
                        "typeId": "",
                        "classId": ""
                    },
                    "refTypeValues": [],
                    "itemXpath": "long_char04"
                },
                {
                    "gid": "c9266d576cb6ce026a4db160a0b4cdd7",
                    "dataType": "string",
                    "type": "metaModel_item_string",
                    "pid": "root",
                    "inputer": "ecp-text",
                    "caption": "长字符串5",
                    "sort": 32,
                    "name": "long_char05",
                    "inputerOption": {
                        "scale": 0,
                        "mask": "*#",
                        "typeId": "",
                        "classId": ""
                    },
                    "refTypeValues": [],
                    "itemXpath": "long_char05"
                },
                {
                    "gid": "f6d7ee7aba38a1009b62978d26a2fa68",
                    "dataType": "number",
                    "type": "metaModel_item_number",
                    "pid": "root",
                    "inputer": "ecp-component-numberBox",
                    "caption": "数字1",
                    "sort": 33,
                    "name": "num01",
                    "inputerOption": {
                        "scale": 0,
                        "mask": "*#",
                        "typeId": "",
                        "classId": ""
                    },
                    "refTypeValues": [],
                    "itemXpath": "num01"
                },
                {
                    "gid": "3d36a6d3e1379e34df889e8cd9f7f372",
                    "dataType": "number",
                    "type": "metaModel_item_number",
                    "pid": "root",
                    "inputer": "ecp-component-numberBox",
                    "caption": "数字2",
                    "sort": 34,
                    "name": "num02",
                    "inputerOption": {
                        "scale": 0,
                        "mask": "*#",
                        "typeId": "",
                        "classId": ""
                    },
                    "refTypeValues": [],
                    "itemXpath": "num02"
                },
                {
                    "gid": "ea609b143de449fb819378582286bd42",
                    "dataType": "number",
                    "type": "metaModel_item_number",
                    "pid": "root",
                    "inputer": "ecp-component-numberBox",
                    "caption": "数字3",
                    "sort": 35,
                    "name": "num03",
                    "inputerOption": {
                        "scale": 0,
                        "mask": "*#",
                        "typeId": "",
                        "classId": ""
                    },
                    "refTypeValues": [],
                    "itemXpath": "num03"
                },
                {
                    "gid": "78a829b0c172a77201b6e2b1dc8a25a2",
                    "dataType": "number",
                    "type": "metaModel_item_number",
                    "pid": "root",
                    "inputer": "ecp-component-numberBox",
                    "caption": "数字4",
                    "sort": 36,
                    "name": "num04",
                    "inputerOption": {
                        "scale": 0,
                        "mask": "*#",
                        "typeId": "",
                        "classId": ""
                    },
                    "refTypeValues": [],
                    "itemXpath": "num04"
                },
                {
                    "gid": "f0bbac56037ca262ecec83d42ce3131e",
                    "dataType": "number",
                    "type": "metaModel_item_number",
                    "pid": "root",
                    "inputer": "ecp-component-numberBox",
                    "caption": "数字5",
                    "sort": 37,
                    "name": "num05",
                    "inputerOption": {
                        "scale": 0,
                        "mask": "*#",
                        "typeId": "",
                        "classId": ""
                    },
                    "refTypeValues": [],
                    "itemXpath": "num05"
                },
                {
                    "gid": "107123de8248360766754979257d0a4a",
                    "dataType": "money",
                    "type": "metaModel_item_money",
                    "pid": "root",
                    "inputer": "ecp-money",
                    "caption": "长数字1",
                    "sort": 38,
                    "name": "long_num01",
                    "inputerOption": {
                        "scale": 2,
                        "mask": "*#.##",
                        "typeId": "",
                        "classId": ""
                    },
                    "refTypeValues": [],
                    "itemXpath": "long_num01"
                },
                {
                    "gid": "ab94628f7eb93181f3b533fa3f2f3a6a",
                    "dataType": "money",
                    "type": "metaModel_item_money",
                    "pid": "root",
                    "inputer": "ecp-money",
                    "caption": "长数字2",
                    "sort": 39,
                    "name": "long_num02",
                    "inputerOption": {
                        "scale": 2,
                        "mask": "*#.##",
                        "typeId": "",
                        "classId": ""
                    },
                    "refTypeValues": [],
                    "itemXpath": "long_num02"
                },
                {
                    "gid": "ddb37026517443430801d11225fc09bd",
                    "dataType": "money",
                    "type": "metaModel_item_money",
                    "pid": "root",
                    "inputer": "ecp-money",
                    "caption": "长数字3",
                    "sort": 40,
                    "name": "long_num03",
                    "inputerOption": {
                        "scale": 2,
                        "mask": "*#.##",
                        "typeId": "",
                        "classId": ""
                    },
                    "refTypeValues": [],
                    "itemXpath": "long_num03"
                },
                {
                    "gid": "2a83ab5d73caee594bcd57ac84bdec7d",
                    "dataType": "money",
                    "type": "metaModel_item_money",
                    "pid": "root",
                    "inputer": "ecp-money",
                    "caption": "长数字4",
                    "sort": 41,
                    "name": "long_num04",
                    "inputerOption": {
                        "scale": 2,
                        "mask": "*#.##",
                        "typeId": "",
                        "classId": ""
                    },
                    "refTypeValues": [],
                    "itemXpath": "long_num04"
                },
                {
                    "gid": "46b7a2c07f5f6d73be84a32f40820528",
                    "dataType": "money",
                    "type": "metaModel_item_money",
                    "pid": "root",
                    "inputer": "ecp-money",
                    "caption": "长数字5",
                    "sort": 42,
                    "name": "long_num05",
                    "inputerOption": {
                        "scale": 2,
                        "mask": "*#.##",
                        "typeId": "",
                        "classId": ""
                    },
                    "refTypeValues": [],
                    "itemXpath": "long_num05"
                },
                {
                    "gid": "a2df914abdf2f3c4e4ff413231c6e81e",
                    "dataType": "date",
                    "type": "metaModel_item_date",
                    "pid": "root",
                    "inputer": "ecp-qzzdatepicker",
                    "caption": "日期1",
                    "sort": 43,
                    "name": "date01",
                    "inputerOption": {
                        "scale": 0,
                        "mask": "*#",
                        "typeId": "",
                        "classId": ""
                    },
                    "refTypeValues": [],
                    "itemXpath": "date01"
                },
                {
                    "gid": "3279aba939b08a6f59c287013791cdf5",
                    "dataType": "date",
                    "type": "metaModel_item_date",
                    "pid": "root",
                    "inputer": "ecp-qzzdatepicker",
                    "caption": "日期2",
                    "sort": 44,
                    "name": "date02",
                    "inputerOption": {
                        "scale": 0,
                        "mask": "*#",
                        "typeId": "",
                        "classId": ""
                    },
                    "refTypeValues": [],
                    "itemXpath": "date02"
                },
                {
                    "gid": "8e8171b497ce65f4a2d25d069fdbff42",
                    "dataType": "date",
                    "type": "metaModel_item_date",
                    "pid": "root",
                    "inputer": "ecp-qzzdatepicker",
                    "caption": "日期3",
                    "sort": 45,
                    "name": "date03",
                    "inputerOption": {
                        "scale": 0,
                        "mask": "*#",
                        "typeId": "",
                        "classId": ""
                    },
                    "refTypeValues": [],
                    "itemXpath": "date03"
                },
                {
                    "gid": "6c4c035b45546987b18d2e12a521fa43",
                    "dataType": "date",
                    "type": "metaModel_item_date",
                    "pid": "root",
                    "inputer": "ecp-qzzdatepicker",
                    "caption": "日期4",
                    "sort": 46,
                    "name": "date04",
                    "inputerOption": {
                        "scale": 0,
                        "mask": "*#",
                        "typeId": "",
                        "classId": ""
                    },
                    "refTypeValues": [],
                    "itemXpath": "date04"
                },
                {
                    "gid": "ba6a883da658840558536ed479232403",
                    "dataType": "date",
                    "type": "metaModel_item_date",
                    "pid": "root",
                    "inputer": "ecp-qzzdatepicker",
                    "caption": "日期5",
                    "sort": 47,
                    "name": "date05",
                    "inputerOption": {
                        "scale": 0,
                        "mask": "*#",
                        "typeId": "",
                        "classId": ""
                    },
                    "refTypeValues": [],
                    "itemXpath": "date05"
                }
            ]
        }
    ]
}