{
    "gid": "bc335ab4842588ccfcaa7098d294b906-69dae87285e9b58ac438bd9aafb738b9",
    "caption": "资料收集项目",
    "type": "metaModel",
    "sort": 1,
    "creator": "billFormat",
    "items": [
        {
            "gid": "root",
            "dataType": "mainTableItem",
            "type": "metaModel_item_mainTableItem",
            "pid": "#",
            "inputer": "ecp-table",
            "caption": "主表项目",
            "sort": 1,
            "name": "root",
            "itemXpath": "root",
            "isGrid": true,
            "items": [
                {
                    "gid": "7e610e504a839c524f43867ae6f75364",
                    "dataType": "number",
                    "type": "metaModel_item_number",
                    "pid": "root",
                    "inputer": "ecp-component-numberBox",
                    "caption": "项目序号",
                    "sort": 11,
                    "name": "xmxh",
                    "inputerOption": {
                        "scale": 0,
                        "mask": "*#",
                        "typeId": "",
                        "classId": ""
                    },
                    "refTypeValues": [],
                    "itemXpath": "xmxh"
                },
                {
                    "gid": "bc686fd366e00fe918be4c4dd7409e3c",
                    "dataType": "string",
                    "type": "metaModel_item_string",
                    "pid": "root",
                    "inputer": "ecp-text",
                    "caption": "项目名称",
                    "sort": 12,
                    "name": "xmmc",
                    "inputerOption": {
                        "scale": 0,
                        "mask": "*#",
                        "typeId": "",
                        "classId": ""
                    },
                    "refTypeValues": [],
                    "itemXpath": "xmmc"
                },
                {
                    "gid": "56920b07206a45fc8549f9b7f04e6e6b",
                    "dataType": "enum",
                    "type": "metaModel_item_enum",
                    "pid": "root",
                    "inputer": "ecp-enum",
                    "caption": "是否停用",
                    "sort": 13,
                    "name": "spty",
                    "inputerOption": {
                        "scale": 0,
                        "mask": "*#",
                        "typeId": "1de0739786ef7f2491fac6868d88a328",
                        "classId": "enum",
                        "dataType": "enum",
                        "entityTypeId": "1de0739786ef7f2491fac6868d88a328",
                        "toNumber": true
                    },
                    "refTypeValues": [],
                    "itemXpath": "spty"
                }
            ]
        }
    ]
}